ContactMail|OrderDate|City|Country|OrderTotal|Fulfilled
eu.sem@Nullatincidunt.co.uk|05-08-2021|Paris|Austria|£35.60|Y
est.vitae@sociis.edu|15-08-2021|Awaran|Falkland Islands|£86.36|Y
Nullam.velit.dui@ultricesDuisvolutpat.org|07-04-2021|Carson City|Norfolk Island|£72.95|Y
nec.tempus.mauris@morbitristique.co.uk|02-12-2020|Armenia|Palestine|£20.93|Y
turpis@mollislectuspede.ca|08-10-2021|Santo Stefano Quisquina|Malawi|£62.06|Y
molestie@bibendum.co.uk|17-09-2020|Cornwall|South Georgia and The South Sandwich Islands|£45.94|N
sit.amet@velmaurisInteger.edu|25-07-2021|Rum|British Indian Ocean Territory|£74.64|N
netus@nislarcu.edu|05-12-2021|Villers-lez-Heest|Swaziland|£80.98|Y
ligula.Aliquam.erat@magna.org|26-02-2021|Melipilla|Saint Vincent and The Grenadines|£24.58|N
Sed.eu.nibh@Integer.net|12-02-2021|Biała Podlaska|Slovenia|£58.53|N
sit.amet.massa@temporbibendumDonec.com|30-04-2022|Dawson Creek|Namibia|£98.61|Y
quis@magna.net|28-10-2020|Rinconada|Bonaire|£62.09|Y
eget.tincidunt.dui@Fuscefeugiat.co.uk|05-05-2022|Mobile|Guyana|£58.59|Y
Fusce.aliquet@Curae.co.uk|07-08-2020|Naushahro Firoze|South Korea|£72.00|Y
fermentum@ultricies.com|14-12-2020|Minto|Somalia|£10.68|Y
et.malesuada@estarcu.net|18-05-2021|Huntly|Brunei|£84.89|N
facilisis@adipiscing.co.uk|11-07-2022|Bursa|Zambia|£16.60|N
placerat.eget.venenatis@rutrum.com|12-06-2021|Parndorf|Christmas Island|£48.16|Y
Aliquam.auctor.velit@massa.edu|22-03-2021|Sciacca|French Guiana|£11.33|Y
commodo@dapibus.org|23-09-2020|Winnipeg|British Indian Ocean Territory|£98.78|N
in.faucibus@Pellentesque.edu|08-01-2021|100 Mile House|Hong Kong|£34.68|Y
fermentum.metus.Aenean@elita.co.uk|24-06-2022|Zaffelare|Georgia|£14.32|Y
aliquet@Lorem.org|08-06-2021|Montreuil|Spain|£85.34|N
aliquam.eu@luctusetultrices.com|17-01-2021|Amelia|Sao Tome and Principe|£49.90|Y
adipiscing.enim@ascelerisquesed.net|13-08-2020|Kingussie|Sao Tome and Principe|£14.28|Y
vulputate@convalliserateget.co.uk|02-08-2021|Mignanego|Angola|£42.16|N
nec@enimcondimentumeget.com|29-11-2020|Mata de Plátano|Papua New Guinea|£79.67|N
Donec.consectetuer@sedconsequatauctor.com|05-11-2020|Subiaco|Guam|£10.57|Y
scelerisque@velitdui.net|07-01-2022|Colorado Springs|Malaysia|£34.17|Y
velit.eu.sem@Maecenasliberoest.ca|23-09-2020|Cuccaro Vetere|Mexico|£30.72|N
est.Nunc.laoreet@ipsumnonarcu.edu|30-12-2020|Champigny-sur-Marne|Samoa|£94.15|Y
scelerisque.neque@ametmetus.edu|01-11-2020|Yegoryevsk|Equatorial Guinea|£92.16|Y
netus.et@semvitae.edu|15-01-2022|Bo'ness|Åland Islands|£89.96|N
Integer@fermentum.edu|07-07-2021|Emarèse|Azerbaijan|£54.19|N
quam.a.felis@pedeac.net|12-11-2021|Saint-Herblain|Iran|£52.38|Y
neque@cubilia.co.uk|16-12-2020|Hoofddorp|Svalbard and Jan Mayen Islands|£21.16|Y
tellus.non.magna@vel.co.uk|19-01-2022|Oudegem|Latvia|£2.86|Y
Vestibulum@sagittislobortismauris.net|14-02-2021|Levin|India|£17.58|N
Duis.sit@estmauris.edu|24-09-2021|Whittlesey|Bouvet Island|£86.92|Y
amet.risus@pellentesque.net|07-05-2022|Maser|Honduras|£32.36|Y
purus@mauris.net|06-11-2021|Aurora|Bahamas|£10.34|Y
purus@euenimEtiam.ca|01-01-2021|Kemzeke|Tokelau|£27.44|Y
euismod.enim.Etiam@utdolor.org|20-10-2020|Halesowen|Germany|£47.35|Y
Fusce.diam.nunc@augue.com|15-06-2022|Krasnogorsk|Jersey|£13.11|Y
tellus.non@ipsumSuspendisse.co.uk|04-12-2021|Miami|Venezuela|£18.71|Y
luctus.sit.amet@tinciduntDonecvitae.edu|29-06-2022|Graven Grez-Doiceau|Faroe Islands|£44.24|Y
enim.Etiam.imperdiet@ullamcorper.com|08-06-2022|Ferrandina|Malawi|£33.07|Y
parturient.montes@metus.com|25-06-2021|Stonewall|Somalia|£44.40|N
amet.massa.Quisque@SedmolestieSed.ca|13-01-2021|Maisires|Estonia|£36.56|N
a.dui@lorem.com|01-02-2022|Naarden|Djibouti|£45.17|Y
sit@fermentumrisus.co.uk|31-03-2021|Sommariva Perno|French Guiana|£91.16|Y
malesuada.fames.ac@quispedePraesent.edu|23-01-2021|La Rochelle|Myanmar|£84.90|Y
non.massa@senectuset.ca|17-03-2022|Zlynka|Andorra|£67.28|Y
scelerisque@afacilisisnon.org|19-05-2022|Kitchener|Tokelau|£31.68|Y
tincidunt@eueros.co.uk|02-03-2022|BertrŽe|Mozambique|£2.74|Y
lectus@eu.com|12-09-2020|Lethbridge|French Guiana|£55.72|N
eu.lacus@facilisisegetipsum.edu|02-11-2020|Drachten|Cuba|£61.73|Y
ac.facilisis@ipsumSuspendisse.org|21-10-2021|Heide|Indonesia|£12.22|N
volutpat.Nulla.facilisis@nonegestas.org|22-11-2020|Paradise|Bulgaria|£79.40|Y
arcu.ac@loremfringilla.co.uk|16-05-2021|Portici|Bonaire|£90.90|Y
magna.Phasellus@eratvolutpatNulla.ca|18-09-2021|Serampore|Bosnia and Herzegovina|£57.79|Y
malesuada.vel.convallis@vitae.edu|07-10-2021|Milwaukee|Côte D'Ivoire (Ivory Coast)|£93.70|Y
dapibus.id@lobortisaugue.edu|08-12-2020|Jackson|Slovakia|£77.68|N
eros.turpis@mifelisadipiscing.org|25-02-2021|Clearwater Municipal District|Chad|£0.44|N
porttitor.scelerisque.neque@nec.edu|22-11-2021|Thane|Wallis and Futuna|£51.15|N
nec@mauris.ca|23-01-2021|Gebze|Singapore|£72.62|N
Sed.eu.nibh@purusgravida.org|13-06-2021|Paine|Senegal|£5.25|N
aliquet.molestie@pedeCrasvulputate.com|09-11-2020|Blind River|Bermuda|£30.12|Y
ut.pharetra@utpharetra.org|23-07-2020|Surrey|Mauritius|£56.93|N
dolor@Fuscefeugiat.com|03-03-2021|Cumberland County|Estonia|£71.43|Y
Cras.eu.tellus@Duisdignissimtempor.ca|07-09-2021|Maipú|Mali|£68.31|N
Nulla@amagna.net|22-10-2021|Melipeuco|Tanzania|£11.45|Y
lectus.justo@Integeraliquamadipiscing.net|16-11-2021|Bath|Saint Helena|£3.40|Y
in.molestie.tortor@at.edu|21-05-2021|Santa Rosa de Cabal|Liechtenstein|£8.61|N
dictum.magna@elit.org|23-08-2021|Konin|Croatia|£95.08|Y
et.tristique@Nuncmauris.ca|25-08-2020|Largs|Estonia|£20.49|Y
sit.amet@dui.edu|02-12-2021|Roccabruna|French Guiana|£78.63|N
diam.eu.dolor@mifringillami.ca|18-05-2022|Aiseau-Presles|Uzbekistan|£27.59|Y
enim.Sed@mauris.edu|15-01-2022|Erie|Senegal|£36.92|N
ante.ipsum.primis@tellusimperdietnon.org|10-03-2022|Bornival|Afghanistan|£1.89|N
quam.elementum.at@Praesenteu.ca|20-07-2020|Spruce Grove|Niue|£58.66|Y
augue.ut@duiin.co.uk|13-12-2020|Guarapuava|Tanzania|£20.23|Y
ac.mi.eleifend@ante.net|02-11-2021|West Jordan|Nigeria|£92.54|N
semper@nondui.net|26-06-2022|Argyle|China|£49.28|N
posuere.at@Vivamus.edu|02-08-2021|Nevers|Suriname|£9.33|Y
scelerisque@faucibusMorbivehicula.edu|21-11-2021|Serrata|Andorra|£84.02|Y
odio@nibhsitamet.com|30-06-2021|King Township|Saint Martin|£68.02|Y
Proin.non.massa@Suspendisse.net|19-06-2021|Thalassery|Uzbekistan|£23.01|N
amet.luctus.vulputate@vitae.net|28-11-2021|Noduwez|Albania|£96.24|Y
faucibus.leo@Maecenas.net|20-06-2021|Inverurie|Eritrea|£79.37|Y
erat.semper@utquam.ca|16-01-2022|Belgrade|Samoa|£38.68|Y
Aenean.eget.magna@sitamet.com|22-10-2021|Bernburg|Iran|£71.82|Y
amet.nulla@pede.org|16-04-2021|Hoeke|Argentina|£95.72|Y
Donec.luctus.aliquet@Aliquamornarelibero.co.uk|16-03-2022|Bhusawal|Ukraine|£2.88|N
ullamcorper.magna.Sed@nuncsedpede.edu|24-12-2021|Coimbatore|Liechtenstein|£81.83|Y
adipiscing@cursusdiam.org|19-11-2021|Noorderwijk|Luxembourg|£48.27|Y
tincidunt.dui.augue@cursusluctusipsum.ca|30-12-2021|Königs Wusterhausen|Belgium|£64.98|Y
nisi@odio.com|24-03-2022|Calais|Bermuda|£53.69|N
enim@malesuada.ca|21-02-2021|Precenicco|Cape Verde|£69.13|N
ut.lacus.Nulla@facilisisnonbibendum.ca|23-10-2021|Lives-sur-Meuse|Morocco|£72.86|Y
